drug	MaxEStateIndex	MinEStateIndex	MaxAbsEStateIndex	MinAbsEStateIndex	qed	MolWt	HeavyAtomMolWt	ExactMolWt	NumValenceElectrons	NumRadicalElectrons	MaxPartialCharge	MinPartialCharge	MaxAbsPartialCharge	MinAbsPartialCharge	FpDensityMorgan1	FpDensityMorgan2	FpDensityMorgan3	BalabanJ	BertzCT	Chi0	Chi0n	Chi0v	Chi1	Chi1n	Chi1v	Chi2n	Chi2v	Chi3n	Chi3v	Chi4n	Chi4v	HallKierAlpha	Ipc	Kappa1	Kappa2	Kappa3	LabuteASA	PEOE_VSA1	PEOE_VSA10	PEOE_VSA11	PEOE_VSA12	PEOE_VSA13	PEOE_VSA14	PEOE_VSA2	PEOE_VSA3	PEOE_VSA4	PEOE_VSA5	PEOE_VSA6	PEOE_VSA7	PEOE_VSA8	PEOE_VSA9	SMR_VSA1	SMR_VSA10	SMR_VSA2	SMR_VSA3	SMR_VSA4	SMR_VSA5	SMR_VSA6	SMR_VSA7	SMR_VSA8	SMR_VSA9	SlogP_VSA1	SlogP_VSA10	SlogP_VSA11	SlogP_VSA12	SlogP_VSA2	SlogP_VSA3	SlogP_VSA4	SlogP_VSA5	SlogP_VSA6	SlogP_VSA7	SlogP_VSA8	SlogP_VSA9	TPSA	EState_VSA1	EState_VSA10	EState_VSA11	EState_VSA2	EState_VSA3	EState_VSA4	EState_VSA5	EState_VSA6	EState_VSA7	EState_VSA8	EState_VSA9	VSA_EState1	VSA_EState10	VSA_EState2	VSA_EState3	VSA_EState4	VSA_EState5	VSA_EState6	VSA_EState7	VSA_EState8	VSA_EState9	FractionCSP3	HeavyAtomCount	NHOHCount	NOCount	NumAliphaticCarbocycles	NumAliphaticHeterocycles	NumAliphaticRings	NumAromaticCarbocycles	NumAromaticHeterocycles	NumAromaticRings	NumHAcceptors	NumHDonors	NumHeteroatoms	NumRotatableBonds	NumSaturatedCarbocycles	NumSaturatedHeterocycles	NumSaturatedRings	RingCount	MolLogP	MolMR	fr_Al_COO	fr_Al_OH	fr_Al_OH_noTert	fr_ArN	fr_Ar_COO	fr_Ar_N	fr_Ar_NH	fr_Ar_OH	fr_COO	fr_COO2	fr_C_O	fr_C_O_noCOO	fr_C_S	fr_HOCCN	fr_Imine	fr_NH0	fr_NH1	fr_NH2	fr_N_O	fr_Ndealkylation1	fr_Ndealkylation2	fr_Nhpyrrole	fr_SH	fr_aldehyde	fr_alkyl_carbamate	fr_alkyl_halide	fr_allylic_oxid	fr_amide	fr_amidine	fr_aniline	fr_aryl_methyl	fr_azide	fr_azo	fr_barbitur	fr_benzene	fr_benzodiazepine	fr_bicyclic	fr_diazo	fr_dihydropyridine	fr_epoxide	fr_ester	fr_ether	fr_furan	fr_guanido	fr_halogen	fr_hdrzine	fr_hdrzone	fr_imidazole	fr_imide	fr_isocyan	fr_isothiocyan	fr_ketone	fr_ketone_Topliss	fr_lactam	fr_lactone	fr_methoxy	fr_morpholine	fr_nitrile	fr_nitro	fr_nitro_arom	fr_nitro_arom_nonortho	fr_nitroso	fr_oxazole	fr_oxime	fr_para_hydroxylation	fr_phenol	fr_phenol_noOrthoHbond	fr_phos_acid	fr_phos_ester	fr_piperdine	fr_piperzine	fr_priamide	fr_prisulfonamd	fr_pyridine	fr_quatN	fr_sulfide	fr_sulfonamd	fr_sulfone	fr_term_acetylene	fr_tetrazole	fr_thiazole	fr_thiocyan	fr_thiophene	fr_unbrch_alkane	fr_urea
5-FU	11.984814814814815	-1.0011574074074072	11.984814814814815	0.7070370370370369	0.482564502908463	130.078	127.05399999999999	130.017855556	48	0	0.3253471361874118	-0.3111557027192775	0.3253471361874118	0.3111557027192775	1.4444444444444444	2.111111111111111	2.5555555555555554	3.5238977189940166	312.83394095677266	6.8533711511285205	4.271811323126579	4.271811323126579	4.198377302757663	2.1745807961581027	2.1745807961581027	1.4198610557263853	1.4198610557263853	0.7739642065842112	0.7739642065842112	0.3933619097045291	0.3933619097045291	-1.3900000000000001	104.20091930659319	5.741406044678055	1.8479763724759504	1.042170728106469	48.359278684403755	4.9839785209472085	0.0	0.0	5.817220841045895	5.559266895052007	5.689743398203474	9.77851570501903	4.794537184071822	4.39041504767482	0.0	0.0	0.0	6.196843571613076	0.0	4.39041504767482	0.0	0.0	9.967957041894417	0.0	0.0	0.0	32.8521490740581	0.0	0.0	11.24901029325548	4.39041504767482	0.0	0.0	9.967957041894417	0.0	5.817220841045895	0.0	15.785917939756718	0.0	0.0	0.0	65.72	17.066231134301376	13.979489415818463	0.0	0.0	6.196843571613076	0.0	0.0	4.9839785209472085	4.9839785209472085	0.0	0.0	11.984814814814815	0.0	24.005000000000003	0.0	-1.7081944444444441	-0.9911111111111108	0.0	0.7094907407407407	0.0	0.0	0.0	9	2	4	0	0	0	0	1	1	2	2	5	0	0	0	0	1	-0.7977000000000001	27.641399999999994	0	0	0	0	0	2	2	0	0	0	0	0	0	0	0	0	2	0	0	0	0	2	0	0	0	0	0	0	0	0	0	0	0	0	0	0	0	0	0	0	0	0	0	0	1	0	0	0	0	0	0	0	0	0	0	0	0	0	0	0	0	0	0	0	0	0	0	0	0	0	0	0	0	0	0	0	0	0	0	0	0	0	0	0	0
ABT-888	11.377987370874276	-0.4414961262282693	11.377987370874276	0.1310156840513983	0.7432544662077787	244.298	228.17	244.132411132	94	0	0.25047392106613314	-0.3655298802461866	0.3655298802461866	0.25047392106613314	1.5	2.3333333333333335	3.0	2.1636631747285513	610.4788115036213	12.75071237662706	10.286183306281968	10.286183306281968	8.59997219694379	6.141136592369543	6.141136592369543	5.013838323815371	5.013838323815371	3.669528654337503	3.669528654337503	2.5890363613393594	2.5890363613393594	-1.8799999999999997	21508.87796613595	11.224118240428053	3.81233057269293	1.5881981089072068	104.77697256670793	16.034434602115724	11.341105215616189	0.0	0.0	5.907179729351506	0.0	4.794537184071822	4.9839785209472085	0.0	0.0	6.06636706846161	38.44287098837844	0.0	16.619077461696605	4.794537184071822	16.94058116458403	0.0	15.284745645900749	5.733667477162185	25.304305697925987	6.544756405912575	29.58695719508175	0.0	0.0	11.050456081168516	0.0	0.0	0.0	22.4198931771585	5.538925252383345	0.0	35.94777361931139	18.19910120538483	0.0	11.033401435232523	0.0	83.8	5.907179729351506	4.794537184071822	0.0	5.538925252383345	11.080152209313258	30.727504867380784	0.0	6.06636706846161	12.13273413692322	22.20848284559137	5.733667477162185	0.0	0.0	19.23868181531872	3.448989040060469	7.224702695893172	0.4369297996976568	5.435593348450491	2.175544138951877	3.122892494960947	0.0	0.38461538461538464	18	4	5	0	1	1	1	1	2	3	3	5	2	0	1	1	3	1.2604	69.20030000000003	0	0	0	0	0	2	1	0	0	0	1	1	0	0	0	1	2	1	0	0	0	1	0	0	0	0	0	1	0	0	0	0	0	0	1	0	1	0	0	0	0	0	0	0	0	0	0	1	0	0	0	0	0	0	0	0	0	0	0	0	0	0	0	0	1	0	0	0	0	0	0	1	0	0	0	0	0	0	0	0	0	0	0	0	0
AZD1775	13.181203874242085	-1.1383826488870756	13.181203874242085	0.24218418332006064	0.37351787019809934	500.60700000000026	468.35100000000034	500.26482226400003	192	0	0.2780221867196085	-0.3841413089660012	0.3841413089660012	0.2780221867196085	1.0810810810810811	1.8108108108108107	2.4864864864864864	1.4975485220918536	1475.3063340990172	26.156125291633362	21.424750164289446	21.424750164289446	17.740533306307345	12.34729929448778	12.34729929448778	9.820872767674635	9.820872767674635	6.547659389897677	6.547659389897677	4.439902392278441	4.439902392278441	-4.02	241184185.4197905	24.66458181684164	9.794347261520059	4.979011598970955	215.04761939865966	20.223135460547994	10.987275025448483	11.465039998602755	5.948339280986494	5.559266895052008	0.0	4.794537184071822	19.331562912184786	4.9839785209472085	6.578935683598497	12.142387175295491	57.2933487928281	43.7506417446305	12.238684400761036	5.106527394840706	28.35651326558614	0.0	29.215451163982472	0.0	25.99328161627751	43.4433959411843	77.36410091524903	0.0	5.817862777835028	15.775965229908817	17.323111830353618	0.0	0.0	67.54867616515067	12.145807216896262	0.0	19.54140239422971	66.11090602534854	0.0	16.85126421306755	0.0	104.34	5.601050810983688	9.901064578912528	0.0	12.104023300964583	28.49353148890251	31.866411898333865	16.566032781441823	42.80439864674514	12.13273413692322	50.84390691080061	4.9839785209472085	3.1620780280490015	0.0	31.601287188464937	14.099735554206662	1.5481596844073975	0.8312475482964201	13.51975479705862	3.1732618383033246	11.502504045779315	2.1453046487676537	0.3333333333333333	37	2	10	0	1	1	1	3	4	10	2	10	7	0	1	1	5	2.8860000000000015	145.79649999999984	0	1	0	0	0	5	0	0	0	0	0	0	0	0	0	7	1	0	0	1	0	0	0	0	0	0	1	0	0	3	0	0	0	0	1	0	1	0	0	0	0	0	0	0	0	0	0	0	0	0	0	0	0	0	0	0	0	0	0	0	0	0	0	0	0	0	0	0	0	0	1	0	0	1	0	0	0	0	0	0	0	0	0	0	0
BEZ-235	13.407465839626127	-0.6094675124162523	13.407465839626127	0.1487330871155721	0.3236299364019045	469.5480000000002	446.36400000000026	469.19026035600007	174	0	0.33302647294881815	-0.2931592366657142	0.33302647294881815	0.2931592366657142	0.8611111111111112	1.6111111111111112	2.388888888888889	1.5920983929372514	1903.2021789838595	25.026368779636435	20.227220036618416	20.227220036618416	17.36934182550903	11.748041786553426	11.748041786553426	9.601347129534645	9.601347129534645	6.9339053584279755	6.9339053584279755	4.736960261960972	4.736960261960972	-4.759999999999999	234470212.05205664	21.751951230209205	7.89109502524953	3.286018746240337	207.25744481737055	0.0	0.0	0.0	0.0	0.0	5.689743398203474	19.102156337477126	4.794537184071822	5.261891554738487	0.0	36.39820241076966	61.3725797935449	29.580415474916855	45.43524449895074	0.0	32.83925129939463	5.261891554738487	19.102156337477126	7.04767198267719	19.26246486877803	0.0	101.23782403873778	0.0	22.883510570869827	5.689743398203474	0.0	0.0	0.0	19.102156337477126	12.46266245207397	11.33111286753076	19.410925891078243	89.98462914883731	0.0	49.65354055747219	0.0	76.5	5.41499046939678	10.056428738810308	0.0	5.689743398203474	0.0	55.216992049169185	0.0	22.378714849872974	74.64162158714882	34.23627956007152	0.0	3.351267229885781	0.0	22.66369244876406	11.458421955250955	6.203156397122758	0.0	26.24744299155623	3.629753842910131	3.76675618446542	1.7628422833779975	0.13333333333333333	36	0	6	0	0	0	3	3	6	6	0	6	3	0	0	0	6	5.893780000000005	143.1929999999998	0	0	0	0	0	4	0	0	0	0	0	0	0	0	0	5	0	0	0	0	0	0	0	0	0	0	0	0	0	0	1	0	0	0	3	0	4	0	0	0	0	0	0	0	0	0	0	1	0	0	0	0	0	0	0	0	0	1	0	0	0	0	0	0	1	0	0	0	0	0	0	0	0	2	0	0	0	0	0	0	0	0	0	0	0
BORTEZOMIB	12.826666981607458	-1.6949844256139357	12.826666981607458	0.09193056080456885	0.46304615262258836	384.24500000000006	359.0450000000001	384.19688568000004	148	0	0.4749647122685063	-0.4257360952865367	0.4749647122685063	0.4257360952865367	1.1071428571428572	1.8214285714285714	2.392857142857143	2.1619332305440584	759.0436469670761	20.518297090128673	15.947767755576168	15.947767755576168	13.363081100704115	9.13789914488264	9.13789914488264	6.964666142522541	6.964666142522541	4.113162282885618	4.113162282885618	2.7539669302795877	2.7539669302795877	-2.7750649350649352	1408881.2155927708	21.524172160754688	10.531039362336648	6.750183039885146	164.11611240521268	20.68162235814467	11.735768823996422	0.0	5.907179729351506	5.907179729351506	7.118392334224363	14.573052889090853	4.9839785209472085	0.0	0.0	44.179309741689295	17.9021791607844	18.814508766152162	12.138036169478873	19.63711951827565	18.932751792927373	0.0	20.60153424990708	5.917906046161393	38.67215107224702	0.0	60.17974554369273	0.0	0.0	10.633577208012662	0.0	0.0	0.0	50.931787411967555	11.21535880699783	5.917906046161393	36.320212692924535	48.92236605714727	0.0	0.0	0.0	124.44000000000001	30.91578521994113	19.63711951827565	0.0	18.032655663935863	6.4208216229260096	5.563451491696996	18.59053071483923	0.0	44.179309741689295	20.60153424990708	0.0	0.0	0.0	33.07797794477448	24.450794335551283	0.9456827653901069	-1.7203417003471129	8.326027304542365	4.78381958130921	3.8310241943936028	-1.6949844256139357	0.3684210526315789	28	4	8	0	0	0	1	1	2	6	4	9	9	0	0	0	2	0.36059999999999964	105.00950000000005	0	0	0	0	0	2	0	0	0	0	2	2	0	0	0	2	2	0	0	0	0	0	0	0	0	0	0	2	0	0	0	0	0	0	1	0	0	0	0	0	0	0	0	0	0	0	0	0	0	0	0	0	0	0	0	0	0	0	0	0	0	0	0	0	0	0	0	0	0	0	0	0	0	0	0	0	0	0	0	0	0	0	0	0	0
CARBOPLATIN	10.364166666666666	-1.4444444444444446	10.364166666666666	0.0	0.5231233830515151	373.26599999999996	359.154	373.060148028	82	0	0.32053725942654965	-0.48039266652665247	0.48039266652665247	0.32053725942654965	1.0	1.3076923076923077	1.3076923076923077	-3.3333331266666795e-07	177.07327308821522	7.776020881938895	7.062685443877219	9.334893498969338	4.593858127134676	3.0625686671503685	3.0625686671503685	2.545965300596787	2.545965300596787	2.0258751532891535	2.0258751532891535	1.049537908663918	1.049537908663918	-0.4516883116883117	98.70431639670045	18.355622472186287	6.070985719035729	2.7552002021306286	90.12923097043742	22.514147490317484	0.0	5.41499046939678	0.0	0.0	11.938610575903699	9.589074368143644	0.0	0.0	0.0	0.0	19.26246486877803	21.06526706137112	0.0	40.86739621919618	11.938610575903699	0.0	12.301092700636076	5.41499046939678	19.26246486877803	0.0	0.0	0.0	0.0	12.301092700636076	0.0	0.0	0.0	22.15166536558511	30.654341429514766	5.41499046939678	19.26246486877803	0.0	0.0	0.0	0.0	144.6	17.35360104530048	9.589074368143644	0.0	46.20800300785922	6.4208216229260096	0.0	0.0	0.0	0.0	0.0	10.213054789681411	0.0	0.0	20.72833333333333	16.946666666666665	-1.4444444444444446	-2.4050925925925926	0.0	1.25787037037037	0.0	0.0	0.6666666666666666	13	8	6	1	0	1	0	0	0	4	4	7	2	1	0	1	1	0.6473999999999996	41.59980000000002	2	0	0	0	0	0	0	0	2	2	2	0	0	0	0	0	0	0	0	0	0	0	0	0	0	0	0	0	0	0	0	0	0	0	0	0	0	0	0	0	0	0	0	0	0	0	0	0	0	0	0	0	0	0	0	0	0	0	0	0	0	0	0	0	0	0	0	0	0	0	0	0	0	0	0	0	0	0	0	0	0	0	0	0	0
CYCLOPHOSPHAMIDE	12.188549382716051	-2.842183641975309	12.188549382716051	0.4225385802469137	0.6057206690801091	261.089	245.969	260.02481971000003	84	0	0.3429836890948602	-0.30596634526037897	0.3429836890948602	0.30596634526037897	1.3571428571428572	2.0	2.4285714285714284	2.5822640284816734	201.8664756744443	10.441311299868556	7.91660018625193	10.322885269288754	6.726492059082182	4.597961710466701	7.244517016956578	2.9469275437115807	5.883786772984459	1.9566243352797223	4.5951889486174045	1.278310390784733	3.920544174917886	0.69	1442.8330626105126	12.758073519400952	6.311144001092418	3.36838444118429	94.44153500749829	4.5237471617118175	0.0	0.0	0.0	0.0	7.670279738874966	4.565048284931329	9.757711252998451	0.0	23.20187978046503	0.0	6.4208216229260096	31.394276107678404	6.606881964512918	9.088795446643147	30.872159519339995	0.0	9.757711252998451	0.0	6.4208216229260096	38.00115807219132	0.0	0.0	0.0	5.0872950630771525	0.0	0.0	30.872159519339995	42.671574262112614	9.088795446643147	0.0	6.4208216229260096	0.0	0.0	0.0	0.0	41.57000000000001	7.670279738874966	4.565048284931329	0.0	0.0	31.456401666278747	12.965578028838586	0.0	4.6704161899212995	0.0	5.0872950630771525	27.72562694217685	19.174876543209876	11.248020754598135	0.0	2.9071604938271607	0.0	0.8450771604938274	0.0	0.8884722222222223	2.3063542454018644	-2.842183641975309	1.0	14	1	4	0	1	1	0	0	0	2	1	7	5	0	1	1	1	1.884	59.19120000000003	0	0	0	0	0	0	0	0	0	0	0	0	0	0	0	1	1	0	0	0	0	0	0	0	0	2	0	0	0	0	0	0	0	0	0	0	0	0	0	0	0	0	0	0	2	0	0	0	0	0	0	0	0	0	0	0	0	0	0	0	0	0	0	0	0	0	0	0	0	0	0	0	0	0	0	0	0	0	0	0	0	0	0	0	0
DASATINIB	12.693081800261481	-0.2666136091002893	12.693081800261481	0.17311797422773734	0.4657173060978848	488.01700000000034	461.8090000000002	487.15572175200003	174	0	0.2669995457316883	-0.3950445481992146	0.3950445481992146	0.2669995457316883	1.2121212121212122	2.0	2.727272727272727	1.431592912890649	1111.4321707155357	23.371668241257186	18.507134660004112	20.079560186950292	15.92305529101951	10.658603284189198	11.853064338126151	7.751415202594919	9.189264211261888	5.361898965339837	6.588407717104564	3.6317796715737853	4.6192622916178205	-2.789999999999999	33876609.84080048	23.370935025991837	10.429649853029732	5.772233374483719	201.00196040766053	20.640014333703846	22.337277247371283	5.131558479839333	0.0	5.907179729351506	0.0	9.694446914922299	14.951935562841626	0.0	0.0	35.07045990509047	25.477292959539852	38.790149098024486	23.513745124550884	9.901064578912528	51.299575807711705	0.0	19.851845293692104	0.0	13.847474399381248	54.86415093293893	51.74994834259906	0.0	0.0	15.53348693886314	22.454670310192952	0.0	22.937725768167255	70.1962164119601	0.0	13.847474399381248	21.059540367470042	30.462311845459514	5.022633313741326	0.0	0.0	106.50999999999999	0.0	4.794537184071822	0.0	12.514061693864424	38.90574894371304	37.560339893182324	17.533629449547814	6.06636706846161	32.046575604766076	35.38533223255524	16.70746728507322	0.0	7.457830513857925	30.975300560948945	16.24512659009515	1.4880803972808272	1.851363352595038	7.367072949316626	1.5315981931343652	8.028071887215573	0.0	0.36363636363636365	33	3	9	0	1	1	1	2	3	9	3	11	7	0	1	1	4	3.3135400000000015	132.04670000000002	0	1	1	0	0	3	0	0	0	0	1	1	0	1	0	5	2	0	0	0	0	0	0	0	0	0	0	1	0	4	2	0	0	0	1	0	0	0	0	0	0	0	0	0	1	0	0	0	0	0	0	0	0	0	0	0	0	0	0	0	0	0	0	0	1	0	0	0	0	0	1	0	0	0	0	0	0	0	0	0	1	0	0	0	0
DEXAMETHASONE	16.85906328735198	-1.980464025888133	16.85906328735198	0.06755645313681047	0.667213496992105	392.4670000000002	363.2350000000001	392.19990224799994	154	0	0.18990619222686997	-0.3897124158559765	0.3897124158559765	0.18990619222686997	1.3214285714285714	2.0	2.642857142857143	1.83769187946728	804.7488254884713	20.698306133819763	16.613087630696945	16.613087630696945	12.963233394208578	10.142335326732525	10.142335326732525	9.749150873950827	9.749150873950827	8.79125320497435	8.79125320497435	7.26103317002553	7.26103317002553	-1.3700000000000003	1500075.6365228966	19.925309492060308	5.832747547893353	2.0142638085946416	163.87178561127467	15.319582184522117	12.207932775496605	17.235249711475557	0.0	0.0	0.0	9.589074368143644	4.39041504767482	0.0	0.0	25.496599036284397	56.594875997385216	16.747886984954953	6.103966387748303	29.299071600340582	11.566489892729878	0.0	0.0	28.583699077277743	63.82827510825357	6.606881964512918	23.80116485057091	0.0	0.0	0.0	4.39041504767482	0.0	0.0	50.866731059242575	9.589074368143644	28.583699077277743	46.454498090775914	23.80116485057091	0.0	0.0	0.0	94.83	52.42969695947186	24.90865655266576	4.39041504767482	18.121972615452343	24.835569398847298	0.0	12.152040213667762	26.847231705905752	0.0	0.0	0.0	16.85906328735198	0.0	24.380376536674213	31.96344205578165	-5.1691156987486355	-2.1191335745667015	0.0	4.439214381714833	4.479486345126001	0.0	0.7272727272727273	28	3	5	4	0	4	0	0	0	5	3	6	2	3	0	3	4	1.8957000000000002	99.94440000000004	0	3	2	0	0	0	0	0	0	0	2	2	0	0	0	0	0	0	0	0	0	0	0	0	0	1	4	0	0	0	0	0	0	0	0	0	5	0	0	0	0	0	0	0	1	0	0	0	0	0	0	2	1	0	0	0	0	0	0	0	0	0	0	0	0	0	0	0	0	0	0	0	0	0	0	0	0	0	0	0	0	0	0	0	0
DINACICLIB	11.548678674640769	0.18513201801559287	11.548678674640769	0.18513201801559287	0.47016975266866856	396.4950000000003	368.27100000000013	396.227374136	154	0	0.18481358924517866	-0.61868427260626	0.61868427260626	0.18481358924517866	1.3793103448275863	2.2758620689655173	3.0689655172413794	1.69308233450483	970.9597645452121	20.21696770287794	16.789835997283376	16.789835997283376	14.1902031456512	10.360165139142095	10.360165139142095	7.539278883251159	7.539278883251159	5.605950216121591	5.605950216121591	4.067463424821522	4.067463424821522	-2.8699999999999997	6351258.517915498	19.446588198151474	8.649474315692315	4.1192230215302725	169.93981856673122	20.530478754474807	11.635725555670057	18.04086436399388	0.0	0.0	0.0	0.0	4.9839785209472085	14.344487343822886	0.0	6.923737199690624	38.17047518309165	48.997872725803234	6.196843571613076	9.836935036746931	17.282902776437783	0.0	14.59805822286387	0.0	51.61444254938121	23.368336705282303	53.12378792839534	0.0	0.0	14.947105976763034	11.635725555670057	0.0	0.0	38.89806481727803	12.965578028838586	5.20725302477729	43.73392667478865	36.78963192022406	0.0	5.647177220767728	0.0	92.63	0.0	10.313780419617995	0.0	6.606881964512918	12.586597235060536	65.36825629935461	12.617665194539086	12.263210640074686	22.84497560215192	22.23911734284847	4.9839785209472085	2.6412873165204864	0.0	7.267434177374653	28.99319112363953	2.8504760655410015	1.7635412467456122	5.998627625054878	9.905806870316178	3.7463022414743268	0.0	0.47619047619047616	29	2	8	0	1	1	0	3	3	7	2	8	7	0	1	1	4	2.2785000000000006	111.78150000000007	0	1	1	0	0	4	0	0	0	0	0	0	0	0	0	5	1	0	0	0	0	0	0	0	0	0	0	0	0	2	1	0	0	0	0	0	1	0	0	0	0	0	0	0	0	0	0	0	0	0	0	0	0	0	0	0	0	0	0	0	0	0	0	0	0	0	0	0	0	1	0	0	0	1	0	0	0	0	0	0	0	0	0	0	0
DOXORUBICIN	13.643057057489099	-2.2407371425638924	13.643057057489099	0.0172524144593047	0.23526258168565614	543.5250000000003	514.2930000000003	543.1740607479999	208	0	0.20163128145012926	-0.5068479547044316	0.5068479547044316	0.20163128145012926	1.1538461538461537	1.8461538461538463	2.4871794871794872	1.6862632099701684	1376.5187409654486	28.386022388089113	21.210137267735792	21.210137267735792	18.427777117237813	12.411801735393011	12.411801735393011	10.159933060518698	10.159933060518698	7.805280422640822	7.805280422640822	5.750258572698188	5.750258572698188	-3.39	374870204.0707537	27.187262938747462	9.662462759118538	4.111772825118512	222.08139702756714	45.47689331276586	29.456468275348325	17.85651662206509	5.783244946364939	0.0	0.0	14.383611552215466	0.0	0.0	0.0	12.13273413692322	12.990104268152233	41.994660173016975	42.112051179613424	54.12683738781914	17.34973483909482	0.0	0.0	5.733667477162185	62.43101960118041	13.716679505790452	51.579810155566804	0.0	17.248535499851716	10.470530430962235	0.0	17.248535499851716	0.0	86.73990246405225	20.68908471459793	0.0	68.83913015161656	18.19910120538483	0.0	0.0	0.0	206.07	95.6690042321333	39.91624852641899	0.0	34.4241394229979	0.0	0.0	25.30889874666236	6.923737199690624	0.0	0.0	19.944256338562333	16.992219914907572	0.0	39.73908207424436	53.69213165007618	2.373741684889566	-3.774704747880252	3.63515611968848	-5.122799847545572	0.5596546492817411	1.3221851690045994	0.4444444444444444	39	7	12	2	1	3	2	0	2	12	6	12	5	0	1	1	5	0.0012999999999993017	131.75439999999995	0	3	2	0	0	0	0	2	0	0	3	3	0	0	0	0	0	1	0	0	0	0	0	0	0	0	0	0	0	0	0	0	0	0	2	0	3	0	0	0	0	3	0	0	0	0	0	0	0	0	0	3	1	0	0	1	0	0	0	0	0	0	0	0	0	2	2	0	0	0	0	0	0	0	0	0	0	0	0	0	0	0	0	0	0
ERLOTINIB	5.857396779890918	0.392174356427603	5.857396779890918	0.392174356427603	0.4178840975839869	393.4430000000002	370.2590000000002	393.16885621599994	150	0	0.16299509364145157	-0.48726952039143223	0.48726952039143223	0.16299509364145157	0.9310344827586207	1.6551724137931034	2.3448275862068964	1.9569167353908146	1001.0042022970773	20.476480726871785	16.474649631118567	16.474649631118567	14.24504470051759	9.107799662785105	9.107799662785105	6.071032106686076	6.071032106686076	4.082844815672017	4.082844815672017	2.6826134594313507	2.6826134594313507	-3.34	4235838.812669483	20.395692002202136	10.271588954277956	5.347720173143325	169.5322632278569	24.264240419206526	25.358946781625406	11.49902366656781	0.0	0.0	0.0	0.0	9.967957041894417	0.0	6.423349895620259	11.986801387317254	24.26546827384644	36.92302413186203	18.730464646642098	18.947451815200196	22.40817398459965	0.0	9.967957041894417	0.0	0.0	45.96391154461307	48.288973977231194	0.0	23.84280788104371	14.790514511606428	11.50524905251859	11.49902366656781	0.0	50.61507998250116	9.473725907600098	12.343784214475903	5.563451491696996	42.7255224855342	0.0	10.902924932081056	0.0	74.73000000000002	0.0	0.0	0.0	0.0	43.74441430245451	22.153762698461616	6.3273200747645415	14.219595082555067	36.39820241076966	21.20517996475639	25.370801710820455	21.801771191071715	0.0	8.754103465077492	4.096557301741735	2.3431613389549906	4.443107152704465	11.258046272519541	6.994191360636236	1.7256948446942135	3.2500337392662777	0.2727272727272727	29	1	7	0	0	0	2	1	3	7	1	7	10	0	0	0	3	3.405100000000002	111.93970000000004	0	0	0	0	0	2	0	0	0	0	0	0	0	0	0	2	1	0	0	0	0	0	0	0	0	0	0	0	0	2	0	0	0	0	2	0	1	0	0	0	0	4	0	0	0	0	0	0	0	0	0	0	0	0	0	2	0	0	0	0	0	0	0	0	0	0	0	0	0	0	0	0	0	0	0	0	0	0	1	0	0	0	0	2	0
ETOPOSIDE	13.385114087700737	-1.4362704986978982	13.385114087700737	0.030064203260243172	0.4298292584463983	588.5620000000004	556.3060000000004	588.1842910839998	226	0	0.3099403857906003	-0.5016994790132149	0.5016994790132149	0.3099403857906003	0.8809523809523809	1.5714285714285714	2.261904761904762	1.3182370054389008	1352.5325604550396	29.28336361358765	23.12834780335291	23.12834780335291	20.282427298526205	13.777144189299921	13.777144189299921	10.988221669433306	10.988221669433306	8.745948150865637	8.745948150865637	6.73540078130962	6.73540078130962	-3.330000000000001	5287664732.043723	27.500051524777703	10.435801723225586	4.258657173456175	240.2294879248509	57.95134876872255	24.41586555099321	35.57810079180605	12.542454139383732	0.0	5.969305287951849	4.794537184071822	0.0	0.0	0.0	0.0	47.87955994862805	11.835812092322787	39.4552314454906	62.745885952794374	5.969305287951849	0.0	0.0	11.835812092322787	55.94152864326395	34.226301317680736	40.95582274893743	0.0	28.747559166419524	18.947451815200196	0.0	28.747559166419524	0.0	92.51110779981833	28.478851953072066	11.835812092322787	35.63596410869131	24.26546827384644	0.0	0.0	0.0	160.83	66.82290882384797	20.11411936859394	0.0	37.25524173497738	28.189378141658796	0.0	14.219595082555067	31.189205473537065	0.0	0.0	42.63176658420044	51.526191497067586	0.0	13.385114087700737	32.515426995072225	2.0136756704618017	-1.0248544372798765	6.926914060847731	-6.797222420589437	1.928629031845175	2.8594588482073915	0.5517241379310345	42	3	13	1	4	5	2	0	2	13	3	13	5	0	3	3	7	1.3385999999999993	138.34539999999996	0	2	2	0	0	0	0	1	0	0	1	1	0	0	0	0	0	0	0	0	0	0	0	0	0	0	0	0	0	0	0	0	0	0	2	0	4	0	0	0	1	9	0	0	0	0	0	0	0	0	0	0	0	0	1	2	0	0	0	0	0	0	0	0	0	1	1	0	0	0	0	0	0	0	0	0	0	0	0	0	0	0	0	0	0
GELDANAMYCIN	13.325347948848233	-1.0020128193546427	13.325347948848233	0.0801115250867579	0.34597219857766504	560.6440000000002	520.3240000000004	560.27338086	220	0	0.4047040148198253	-0.49223445150026207	0.49223445150026207	0.4047040148198253	1.1	1.775	2.35	2.6006722643760294	1148.1469006358332	30.145535412082957	24.05561671185947	24.05561671185947	18.835043973341573	12.963178354983215	12.963178354983215	10.089243070668257	10.089243070668257	6.947392408790107	6.947392408790107	4.7820606969740735	4.7820606969740735	-3.5399999999999996	247236888.412171	32.67071060955855	14.733684595046363	8.231772449931208	234.28220871397417	35.10443529120942	6.103966387748303	11.86313125940448	11.566489892729878	5.907179729351506	6.093240070938415	14.383611552215466	4.794537184071822	0.0	0.0	38.15155482671677	38.180128221463924	37.35973029568888	25.01476962982997	43.232127946328184	23.5669096930198	0.0	5.316788604006331	17.569479569484972	64.95245759560771	21.3293926238326	58.55561830908921	0.0	0.0	11.050456081168516	4.794537184071822	0.0	0.0	74.41869526268631	33.33106336741566	11.835812092322787	40.53659204461451	58.55561830908921	0.0	0.0	0.0	163.48	53.9006812901744	24.28467613112799	0.0	34.94114091393794	11.993926152995277	6.076020106833881	34.329149930357104	32.07553471988289	6.923737199690624	5.316788604006331	24.681119292362382	21.732328447936176	0.0	50.610220075527145	13.67237452884684	6.1231572270825385	-2.3872886525063866	0.0	3.6140929592940076	6.921419558560543	4.213695855259136	0.5172413793103449	40	4	11	1	1	2	0	0	0	9	3	11	4	0	0	0	2	2.4084000000000003	146.54789999999994	0	1	1	0	0	0	0	0	0	0	4	4	0	0	0	0	1	1	0	0	0	0	0	0	0	0	4	2	0	0	0	0	0	0	0	0	2	0	0	0	0	4	0	0	0	0	0	0	0	0	0	2	1	0	0	3	0	0	0	0	0	0	0	0	0	0	0	0	0	0	0	1	0	0	0	0	0	0	0	0	0	0	0	0	0
GEMCITABINE	13.700872071050643	-3.7132752267573705	13.700872071050643	0.1140556237927266	0.6120873727300361	263.2	252.11199999999994	263.071762272	100	0	0.35131379854975847	-0.393564363221731	0.393564363221731	0.35131379854975847	1.6111111111111112	2.2777777777777777	2.7777777777777777	2.4191219777016335	506.83126955905954	13.499635521070495	9.032488305270315	9.032488305270315	8.374245891192093	5.044753463050231	5.044753463050231	3.8710878934285597	3.8710878934285597	2.663557921514029	2.663557921514029	1.7228616480990466	1.7228616480990466	-1.58	10211.95767024135	12.866060785008985	4.264616604979357	1.8546532535041447	99.43404632324696	20.683585220643646	11.92182916558333	6.103966387748303	6.22790117073487	0.0	11.61227256629805	4.567099647791355	4.794537184071822	13.764808616296847	0.0	0.0	6.06636706846161	6.196843571613076	6.606881964512918	23.7307478388311	5.817862777835028	0.0	9.551078168738563	0.0	24.358363114326053	12.340549441675103	22.74749122234998	0.0	0.0	11.423410875365658	14.598692873184667	0.0	0.0	44.50147686652407	4.736862953800049	0.0	6.22790117073487	17.057747824146507	0.0	0.0	0.0	110.60000000000001	36.654988477042444	18.681894674262168	0.0	5.817862777835028	4.567099647791355	12.263210640074686	0.0	0.0	0.0	4.9839785209472085	15.57705782580294	32.70181783824641	0.0	14.718198223733939	18.10387760351054	4.209688995968757	-3.827330850550097	1.1522751322751323	-4.687900132275133	-0.7872934775762155	0.0	0.5555555555555556	18	4	7	0	1	1	0	1	1	7	3	9	2	0	1	1	2	-1.2886	54.85900000000001	0	2	2	1	0	2	0	0	0	0	0	0	0	0	0	2	0	1	0	0	0	0	0	0	0	2	0	0	0	1	0	0	0	0	0	0	0	0	0	0	0	1	0	0	2	0	0	0	0	0	0	0	0	0	0	0	0	0	0	0	0	0	0	0	0	0	0	0	0	0	0	0	0	0	0	0	0	0	0	0	0	0	0	0	0
L778123	12.673664929884508	0.06636504221821693	12.673664929884508	0.06636504221821693	0.6528541823894266	405.88900000000007	385.7290000000001	405.1356379399999	146	0	0.24071454451709476	-0.32892219682421964	0.32892219682421964	0.24071454451709476	1.103448275862069	1.9310344827586208	2.6551724137931036	1.4008473859241968	1053.56462596612	20.21696770287794	15.831317338801881	16.587246284820335	14.118524838379201	9.385338788528605	9.763303261537832	7.057508957543577	7.493944738015562	5.039709983092758	5.2748070858804965	3.5065556470607557	3.691084026288385	-3.1399999999999992	6019066.8371581575	19.18837139074145	8.477060415937423	4.478379346875707	174.1101704162291	9.467009378641833	0.0	0.0	5.907179729351506	0.0	0.0	9.694446914922299	4.9839785209472085	5.261891554738487	0.0	29.800041095617345	35.89528683400505	43.08588878368826	30.19867728001485	4.794537184071822	23.195505894267583	5.261891554738487	14.450987899589041	0.0	13.08951281182515	24.534178948588202	82.89856448605428	0.0	6.069221312792274	4.899909730850478	5.687386274683562	0.0	11.600939890232516	39.992436846678274	17.884049995896973	11.33111286753076	16.82083097824245	61.0551001940705	5.022633313741326	0.0	0.0	65.16	0.0	4.794537184071822	0.0	5.907179729351506	36.76511042908862	23.489522167141594	0.0	17.29359687407663	48.661413050844345	20.520209212381314	16.862831444971	2.078571791664324	6.062155471762578	20.879107462628802	9.558826841552571	3.645524554837864	0.06636504221821693	17.07481412592424	3.647862080183058	3.0978837403394555	0.0	0.22727272727272727	29	0	6	0	1	1	2	1	3	5	0	7	5	0	1	1	4	3.3052800000000016	111.56800000000004	0	0	0	0	0	2	0	0	0	0	1	1	0	0	0	5	0	0	0	0	0	0	0	0	0	0	0	1	0	1	0	0	0	0	2	0	0	0	0	0	0	0	0	0	1	0	0	1	0	0	0	0	0	0	0	0	0	1	0	0	0	0	0	0	0	0	0	0	0	0	1	0	0	0	0	0	0	0	0	0	0	0	0	0	0
LAPATINIB	13.43080267349532	-3.0189964704993364	13.43080267349532	0.06636168724030922	0.17947949298055937	581.0690000000002	554.8610000000002	580.1347322120001	206	0	0.14820462662281222	-0.48734392314725267	0.48734392314725267	0.14820462662281222	1.025	1.9	2.7	1.291877087026654	1760.5816038855614	28.11430892837647	21.525578213549018	23.0980037404952	19.23129794297471	12.395212290053271	14.833690279846518	9.21561269991148	11.882565337251219	6.008345079265792	7.249420413511956	4.026938249729609	4.777163731713349	-3.989999999999999	1089671666.2054772	27.572125089822265	12.033712839100877	7.14680707641382	235.65015567569458	19.78759109886606	51.676545465608676	0.0	0.0	0.0	0.0	0.0	22.776169073898174	0.0	0.0	23.733674027155736	66.2271221763131	29.437587570269333	22.836944044016953	21.962225922857154	43.84636701124967	0.0	15.284745645900749	0.0	13.151638370425493	23.8701678001771	101.28727796166254	0.0	17.07321074385534	15.370440161812711	15.89566410019341	5.749511833283905	11.600939890232516	36.939133222394126	22.988891506842997	5.817220841045895	11.323698910571437	83.54087583335722	5.022633313741326	22.226623842652494	0.0	106.35000000000001	9.837253136417502	12.808212032003757	0.0	18.1769564123056	52.45085334081485	16.466376423778055	24.715823395199166	24.26546827384644	36.39820241076966	20.60153424990708	20.754953781085913	47.77016383386254	6.467436423952425	8.79698874038175	7.555419093540143	2.9915328563347954	2.1726441865322363	20.978044529702686	2.6916802072288206	0.9561977100750518	-3.0189964704993364	0.1724137931034483	40	2	8	0	0	0	3	2	5	8	2	11	11	0	0	0	5	6.139100000000005	154.12419999999975	0	0	0	0	0	2	0	0	0	0	0	0	0	0	0	2	2	0	0	0	0	0	0	0	0	0	0	0	0	2	0	0	0	0	3	0	1	0	0	0	0	1	1	0	2	0	0	0	0	0	0	0	0	0	0	0	0	0	0	0	0	0	0	0	0	0	0	0	0	0	0	0	0	0	0	0	0	1	0	0	0	0	0	1	0
METFORMIN	7.0522222222222215	-0.0891666666666664	7.0522222222222215	0.05092592592592626	0.2818737771329878	129.167	118.07900000000001	129.10144535199998	52	0	0.21997431940482037	-0.36975230108605195	0.36975230108605195	0.21997431940482037	1.4444444444444444	1.8888888888888888	2.0	3.927830970185914	131.89342114105554	7.439157588755425	5.549127729379168	5.549127729379168	4.036581260209188	2.392597853439479	2.392597853439479	1.7547029440387123	1.7547029440387123	0.6586079420610542	0.6586079420610542	0.22228474935575288	0.22228474935575288	-1.26	60.47184355343589	7.739999999999999	2.9071056558917943	3.33347181008902	53.85436592037309	16.36724468517485	0.0	5.959554568743835	5.959554568743835	0.0	0.0	5.409283605791522	0.0	4.992404732635669	0.0	0.0	0.0	14.09534396535438	0.0	0.0	11.91910913748767	5.409283605791522	4.899909730850478	16.459739686960038	0.0	14.09534396535438	0.0	0.0	0.0	11.46733495432437	0.0	0.0	0.0	30.91436283369253	0.0	5.409283605791522	0.0	4.992404732635669	0.0	0.0	0.0	91.49	0.0	0.0	0.0	11.91910913748767	0.0	0.0	4.899909730850478	14.09534396535438	0.0	4.992404732635669	16.876618560115894	0.0	0.0	4.958055555555555	7.0522222222222215	9.982777777777777	-0.03824074074074013	0.0	0.0	0.0	3.3785185185185185	0.5	9	5	5	0	0	0	0	0	0	1	3	5	0	0	0	0	0	-1.243829999999999	37.22349999999998	0	0	0	0	0	0	0	0	0	0	0	0	0	0	1	2	1	2	0	0	0	0	0	0	0	0	0	0	0	0	0	0	0	0	0	0	0	0	0	0	0	0	0	2	0	0	0	0	0	0	0	0	0	0	0	0	0	0	0	0	0	0	0	0	0	0	0	0	0	0	0	0	0	0	0	0	0	0	0	0	0	0	0	0	0
METHOTREXATE	12.370387140153797	-1.29984144003521	12.370387140153797	0.013755321471853765	0.29472034504927447	454.44700000000023	432.27100000000024	454.1713158039999	172	0	0.32572120059413157	-0.4812292557834712	0.4812292557834712	0.32572120059413157	1.0909090909090908	1.7878787878787878	2.4242424242424243	1.674622124193935	1201.0294275064248	24.120591385700628	17.595362536967947	17.595362536967947	15.633938048533212	9.750178614129936	9.750178614129936	7.200234726002427	7.200234726002427	4.7208769971295785	4.7208769971295785	3.0272990123675156	3.0272990123675156	-4.55	15580631.75408013	23.12024193744085	9.71963980458573	5.782489078211631	187.03080174861526	31.897088078862588	6.041840829147961	16.981740716219015	5.948339280986494	5.907179729351506	11.938610575903699	9.589074368143644	14.76249422596624	9.967957041894417	0.0	0.0	30.68628989677245	24.719331371983756	18.43552797237411	24.596666341896878	46.46325657714427	0.0	25.252702687795164	0.0	25.428240480912553	23.41491666785204	41.71969133200497	0.0	0.0	21.68403328918118	17.453588333505085	0.0	0.0	61.08427199055059	16.133830774056218	0.0	28.893559916469297	30.462311845459514	0.0	11.16387793838399	0.0	210.53999999999996	23.887631134403165	19.490138947056174	0.0	30.171296796370537	23.402562339145028	5.687386274683562	12.13273413692322	18.329577708536295	11.947581713527669	25.252702687795164	16.573862349165076	0.0	0.0	52.69354289457169	20.249152627912856	13.655717453172574	-2.9079754048014954	5.160359524785862	0.963954897116627	0.3696192219035348	1.8156287853383466	0.25	33	7	13	0	0	0	1	2	3	10	5	13	9	0	0	0	3	0.2684000000000012	118.26160000000004	2	0	0	2	0	4	0	0	2	2	3	1	0	0	0	5	1	2	0	0	0	0	0	0	0	0	0	1	0	3	0	0	0	0	1	0	1	0	0	0	0	0	0	0	0	0	0	0	0	0	0	0	0	0	0	0	0	0	0	0	0	0	0	0	0	0	0	0	0	0	0	0	0	0	0	0	0	0	0	0	0	0	0	0	0
MITOMYCINE	12.77067649281935	-0.957337962962963	12.77067649281935	0.05860449735449791	0.4106698403593517	334.33200000000005	316.18800000000005	334.127719676	128	0	0.40401076321233126	-0.44885887175476397	0.44885887175476397	0.40401076321233126	1.4166666666666667	2.125	2.75	1.8468552624597723	756.963370969733	17.386386867018622	13.289419956140499	13.289419956140499	11.340276933485193	7.65154136915988	7.65154136915988	6.459246088134868	6.459246088134868	5.474588945534279	5.474588945534279	4.309835149201238	4.309835149201238	-2.3900000000000006	387390.7216403404	15.156102126947134	4.577599020464515	1.577721211564523	137.14704395787857	31.157759196781278	6.606881964512918	5.724985593970254	11.566489892729878	0.0	6.093240070938415	9.589074368143644	4.794537184071822	0.0	0.0	0.0	6.923737199690624	30.842603836476606	23.35382550142102	23.85733745981556	17.659729963668294	0.0	10.216698334856808	17.385241000485763	24.7324044519568	20.26143591170303	22.540287686250203	0.0	0.0	16.784123558330702	4.794537184071822	0.0	0.0	60.629742858487965	19.06280027574374	5.917906046161393	6.923737199690624	22.540287686250203	0.0	0.0	0.0	146.89000000000001	23.519376657435	14.383611552215466	0.0	41.31705694236814	12.241795718968408	0.0	14.033534740968157	0.0	4.899909730850478	5.316788604006331	20.94106086192447	10.778712915721844	0.0	38.43265248383304	3.2781571239606953	10.671652835516923	-1.3400968442932732	0.10948743386243298	-0.9495966133366929	1.9181439489375998	1.5175533824640968	0.5333333333333333	24	5	9	1	3	4	0	0	0	8	3	9	3	0	2	2	4	-1.6511999999999971	80.11050000000002	0	0	0	0	0	0	0	0	0	0	3	3	0	0	0	1	1	2	0	0	0	0	0	0	0	0	2	1	0	0	0	0	0	0	0	0	4	0	0	0	0	2	0	0	0	0	0	0	0	0	0	2	2	0	0	1	0	0	0	0	0	0	0	0	0	0	0	0	0	0	1	1	0	0	0	0	0	0	0	0	0	0	0	0	0
MK-2206	12.02243652495595	-0.2596902551107376	12.02243652495595	0.18410484647162928	0.4680681321504014	407.4770000000002	386.3090000000002	407.174610292	152	0	0.34722511707474846	-0.32139828854087343	0.34722511707474846	0.32139828854087343	0.967741935483871	1.7419354838709677	2.4516129032258065	1.5861978992103931	1478.2307639979133	21.00142475325411	16.87676291998852	16.87676291998852	15.121941584798403	10.481155281946975	10.481155281946975	8.308513069777103	8.308513069777103	6.442642630790135	6.442642630790135	4.476000776751793	4.476000776751793	-3.7699999999999987	22021302.879311282	18.035309996054	6.617690246209264	2.794770804499503	177.9281640709305	5.733667477162185	0.0	5.647177220767728	0.0	0.0	5.689743398203474	0.0	19.27789211958186	5.098681808301038	0.0	54.59730361615449	42.52210198909525	28.24889602185521	11.210628712464722	0.0	16.550102152848787	0.0	19.582036743811077	5.733667477162185	24.801390121161372	0.0	88.97461339866311	0.0	22.384282469939446	11.423410875365658	0.0	0.0	0.0	19.582036743811077	5.538925252383345	0.0	24.825916360475023	77.72141850876262	0.0	38.93438462278824	0.0	89.07	0.0	4.794537184071822	0.0	11.228668650586819	5.647177220767728	46.128850647872525	16.3849677208848	6.196843571613076	24.26546827384644	52.66193309583334	10.717645998109393	1.5065152036330856	0.0	17.029102246800242	7.56211547337425	12.598648783685467	0.0	22.583912809809775	4.9697054826971785	0.0	0.0	0.16	31	3	6	1	0	1	2	3	5	5	2	6	3	1	0	1	6	4.242700000000003	121.70209999999999	0	0	0	0	0	4	1	0	0	0	0	0	0	0	0	3	1	1	0	0	0	1	0	0	0	0	0	0	0	0	0	0	0	0	2	0	3	0	0	0	0	0	0	0	0	0	0	0	0	0	0	0	0	0	0	0	0	0	0	0	0	0	0	0	0	0	0	0	0	0	0	0	0	2	0	0	0	0	0	0	0	0	0	0	0
MK-4541	12.34771439694208	-4.52018557752768	12.34771439694208	0.051526793587804987	0.714202445862803	428.4950000000002	397.2470000000001	428.22867751200005	168	0	0.4222594518238959	-0.43989577013565095	0.43989577013565095	0.4222594518238959	1.2	1.9333333333333333	2.6333333333333333	1.4827677677236488	754.4000147375534	21.896976746569027	17.79705123855244	17.79705123855244	13.954979465236054	10.916087738471102	10.916087738471102	10.128567973787664	10.128567973787664	8.786665723175807	8.786665723175807	7.306860348759933	7.306860348759933	-1.7300000000000002	4097981.774395238	21.500092178166188	7.159433320516686	3.397274580113231	174.93299927604167	14.953561288656857	0.0	6.606881964512918	5.907179729351506	0.0	12.26953858838189	4.794537184071822	4.794537184071822	13.171245143024459	0.0	19.92349450621513	67.7696584522709	24.54634411036989	0.0	27.497182464968155	12.00041980028992	0.0	10.216698334856808	28.583699077277736	70.6323843126767	13.654553947190108	12.152040213667762	0.0	0.0	5.316788604006331	17.96578232709628	0.0	0.0	48.8148636540699	9.53140013787187	28.583699077277736	52.37240413693732	12.152040213667762	0.0	0.0	0.0	58.64	18.876420552894807	22.760319511168106	0.0	28.82084232644099	17.75371813848418	38.524929737556064	0.0	6.076020106833881	11.947581713527669	29.977146064021507	0.0	41.42983383615898	0.0	26.022011733955157	2.7373355377887303	-0.1887111835474924	1.4478252019817397	0.050129666164291375	3.968872021304121	2.8897478924770557	1.892955293717431	0.8181818181818182	30	1	5	3	1	4	0	0	0	3	1	8	2	3	0	3	4	4.282900000000003	104.41070000000006	0	0	0	0	0	0	0	0	0	0	2	2	0	0	0	1	1	0	0	1	0	0	0	0	1	3	0	2	0	0	0	0	0	0	0	0	5	0	0	0	0	1	0	0	3	0	0	0	0	0	0	0	0	0	0	0	0	0	0	0	0	0	0	0	0	0	0	0	0	0	0	0	0	0	0	0	0	0	0	0	0	0	0	0	0
MK-4827	11.547429920399033	-0.45278109461301264	11.547429920399033	0.45278109461301264	0.7788736009496425	320.396	300.236	320.16371126	122	0	0.25048380402504367	-0.3655297459193414	0.3655297459193414	0.25048380402504367	1.2083333333333333	2.0416666666666665	2.75	1.670030225264765	876.0231087298565	16.518297090128677	13.404605298106231	13.404605298106231	11.720346690612276	8.314549537279975	8.314549537279975	6.3161351889248865	6.3161351889248865	4.727706531689728	4.727706531689728	3.412156036183735	3.412156036183735	-2.6599999999999997	618002.4917155576	14.902363909258659	6.091591860971229	2.672125442135335	140.01249182777204	11.050456081168516	5.516700717616262	0.0	0.0	5.907179729351506	0.0	4.794537184071822	4.681802935145185	5.098681808301038	0.0	24.26546827384644	49.06685839500781	18.12782419199045	11.250837766380558	4.794537184071822	16.81010466143256	0.0	15.097273347452553	5.733667477162185	18.75954929201341	13.08951281182515	59.788316034238335	0.0	5.687386274683562	11.050456081168516	0.0	0.0	0.0	28.77717728462288	0.0	0.0	34.68098945947923	48.661413050844345	0.0	16.590311206764618	0.0	72.94	5.907179729351506	4.794537184071822	0.0	0.0	16.998058255474653	24.16312330097351	18.405094737549014	10.748170003606795	18.3295777085363	34.68093868615381	5.733667477162185	1.8055624842529605	0.0	11.547429920399033	8.911801746678918	8.877160686277715	0.13606884052480106	13.990422643290263	4.394618974231689	2.170268037677954	0.0	0.2631578947368421	24	3	5	0	1	1	2	1	3	4	2	5	3	0	1	1	4	2.591400000000001	94.43260000000004	0	0	0	0	0	2	0	0	0	0	1	1	0	0	0	2	1	1	0	0	0	0	0	0	0	0	0	1	0	0	0	0	0	0	2	0	1	0	0	0	0	0	0	0	0	0	0	0	0	0	0	0	0	0	0	0	0	0	0	0	0	0	0	0	0	0	0	0	0	1	0	1	0	0	0	0	0	0	0	0	0	0	0	0	0
MK-5108	14.1287906249832	-0.9310091271590943	14.1287906249832	0.0050983857760242834	0.46851339674462583	461.94600000000025	440.77800000000025	461.097618432	162	0	0.3095320420764141	-0.48730298235856717	0.48730298235856717	0.3095320420764141	1.2903225806451613	2.064516129032258	2.774193548387097	1.433776680617983	1055.9145077374674	21.846724214874865	16.55400093254929	18.12642645949547	14.949127406757752	9.916444858589868	11.174062142853993	7.607845080823094	8.909611326002109	5.546802707628746	6.527241155848973	3.871680175257251	4.573376150177695	-2.7099999999999995	13945519.428938461	21.519337282410824	9.195599892276855	4.965217686003324	187.62692142073575	15.160178952647087	5.817862777835028	16.698291154169134	0.0	0.0	5.969305287951849	4.794537184071822	14.358372089569237	0.0	11.336785877934737	23.733674027155736	49.94875476555049	23.691655959853463	16.54159017088641	19.028342580387395	39.85645231379346	0.0	9.967957041894417	5.41499046939678	38.20807450237835	5.316788604006331	64.50889090248432	0.0	5.749511833283905	10.05365155780638	15.33983630534918	5.749511833283905	22.937725768167255	27.147756112435275	11.21535880699783	11.232211310442676	31.3772144865525	47.975108752848655	5.022633313741326	0.0	0.0	84.34	17.201516598394523	14.291479626587348	0.0	16.876111534773536	43.615898887313534	5.131558479839333	23.469520014857956	12.263210640074686	23.579163975850747	15.284745645900749	16.337802844032566	19.91304335067518	7.2788338182287395	20.967064777368396	15.736393761292605	-0.23266641761328222	-0.7107883299347726	10.132913937525377	3.6096495469022005	0.0	0.0	0.3181818181818182	31	2	6	1	0	1	1	2	3	6	2	9	7	1	0	1	4	5.709300000000003	117.70050000000005	1	0	0	0	0	2	0	0	1	1	1	0	0	0	0	2	1	0	0	0	0	0	0	0	0	0	0	0	0	2	0	0	0	0	1	0	0	0	0	0	0	1	0	0	2	0	0	0	0	0	0	0	0	0	0	0	0	0	0	0	0	0	0	0	0	0	0	0	0	0	0	0	0	1	0	0	0	0	0	0	1	0	0	0	0
MK-8669	14.484260020097292	-2.7897342026409264	14.484260020097292	0.011682223428360006	0.1035033946599854	990.222	905.5499999999996	989.562942998	390	0	0.32866280530969866	-0.4600915621870062	0.4600915621870062	0.32866280530969866	0.855072463768116	1.565217391304348	2.217391304347826	1.7034566240339282	1940.3953273371296	51.379375451835415	43.427227406783786	44.3216545977837	32.434034735925245	25.161099168458133	27.68025029379818	20.919281106707988	23.634191493566227	14.842501487102268	15.62099212743046	10.546082064541372	11.439371122187756	-3.1399999999999992	226227587393282.56	58.43076580726455	26.52477137690343	16.178946648172918	411.14795744367535	43.32102645124395	30.136984938757806	13.152072476808538	5.7871111525705965	11.690424675716445	5.969305287951849	23.743197021218617	4.794537184071822	0.0	0.0	71.0748066394564	106.95561782726408	71.79916162254644	24.41586555099321	66.95885092568392	36.59504738684177	0.0	4.899909730850478	35.507436276968356	180.07273656890322	41.20380023821025	47.60232970114182	0.0	0.0	0.0	0.0	0.0	7.368827530443599	140.09970131109696	56.7457961360025	35.507436276968356	125.51601987294649	47.60232970114182	0.0	0.0	0.0	201.49999999999994	85.13105955305613	38.75078899497185	0.0	60.914540458475244	63.36049913640336	11.993926152995277	12.009707272128011	54.39647799692588	58.0750493329319	0.0	28.208061930712063	48.20753978167581	0.0	72.22095813956372	23.46610121756722	1.2547395523026748	-8.109954608894247	-1.1567243422493385	11.363827416310986	15.88362577434588	1.7587759582661815	0.7547169811320755	69	2	15	1	3	4	0	0	0	14	2	16	8	1	2	3	4	7.742600000000009	263.4580999999992	0	2	1	0	0	0	0	0	0	0	5	5	0	0	0	1	0	0	0	0	0	0	0	0	0	0	6	1	0	0	0	0	0	0	0	0	3	0	0	0	1	5	0	0	0	0	0	0	0	0	0	3	3	0	1	3	0	0	0	0	0	0	0	0	0	0	0	0	0	1	0	0	0	0	0	0	0	0	0	0	0	0	0	0	0
MK-8776	6.294704349332326	0.3630308851935834	6.294704349332326	0.3630308851935834	0.7140984069156686	376.26200000000017	358.1180000000001	375.0807056760001	120	0	0.16516128036097263	-0.3825821331084429	0.3825821331084429	0.16516128036097263	1.3478260869565217	2.217391304347826	2.9130434782608696	1.8923541576709952	860.2080480849402	15.97432701575866	12.82921092120334	14.415207460318044	11.147867045540842	7.672198727334311	8.465196996891663	5.9358770713131905	6.728875340870543	4.347591218420845	5.160068590170677	3.1328864702081995	3.71324628872852	-1.93	360410.9291027734	14.648970351845616	5.60991749247086	2.417066071883482	141.56276272714453	11.050456081168516	5.817862777835028	5.647177220767728	0.0	0.0	0.0	4.681802935145185	4.9839785209472085	14.712761510217698	0.0	0.0	35.31634354971394	36.83408098975822	22.560334653907027	0.0	27.3949838965521	0.0	29.695331570316423	7.04767198267719	18.75954929201341	18.823180288987334	28.757178225520104	0.0	11.126902983393991	11.050456081168516	5.817862777835028	0.0	15.929943897949348	37.468055778135245	7.04767198267719	0.0	24.453477286861872	23.063250230671642	0.0	16.77408020416172	0.0	86.06	0.0	0.0	0.0	0.0	11.735768823996422	52.871883772519766	0.0	15.394044400373884	19.441359125903343	31.444096118557756	10.717645998109393	4.3043187025983745	3.613896053791887	4.901403533635676	12.064533067091238	10.015883986310575	0.9516547514067356	0.0	7.8390389074209414	1.9970626329171604	1.8955416981607458	0.4	23	3	7	0	1	1	0	3	3	7	2	8	2	0	1	1	4	1.9414999999999998	92.14610000000002	0	0	0	1	0	5	0	0	0	0	0	0	0	0	0	5	1	1	0	0	0	0	0	0	0	0	0	0	0	1	1	0	0	0	0	0	1	0	0	0	0	0	0	0	1	0	0	0	0	0	0	0	0	0	0	0	0	0	0	0	0	0	0	0	0	0	0	0	0	1	0	0	0	0	0	0	0	0	0	0	0	0	0	0	0
MRK-003	13.052592406715341	-4.6086391930893775	13.052592406715341	0.07613282337218186	0.5592061457538589	551.5970000000002	520.3490000000003	551.2041175520001	206	0	0.40197712558033794	-0.2996438180518531	0.40197712558033794	0.2996438180518531	0.972972972972973	1.6216216216216217	2.2432432432432434	1.2582119100152667	1144.0616276874123	26.639617433688308	20.2839356470159	21.100432227943628	17.250716662435213	12.6830832525575	14.123146581358139	10.957162701723098	12.627817306105657	8.660475418007497	10.236503806134719	6.748977511129869	8.456144096907465	-1.63	119830317.83668725	26.956487043941824	9.530694114725918	5.575412369805325	212.6112709913471	0.0	6.544756405912575	0.0	0.0	10.209329170397666	12.35259703488695	4.899909730850478	0.0	43.787598126126184	0.0	30.351141419052592	80.14060911679499	13.08951281182515	11.456831298544738	34.76028727037786	16.285349277231546	0.0	13.9272205865988	17.75371813848418	56.416452024826356	32.72378202956288	40.9654757873097	0.0	0.0	4.722094864452088	26.34249028604892	0.0	0.0	68.23822702330882	23.050972416249685	17.75371813848418	42.37364096679502	24.27512131221871	0.0	6.076020106833881	0.0	52.650000000000006	40.56351390974193	34.76028727037786	0.0	31.22221174408738	36.78112845488598	29.531997720943004	0.0	0.0	35.25105114990307	4.722094864452088	0.0	106.23637206767003	0.0	2.003773516794489	0.0	2.210939088837199	-1.3939675692656028	6.021707019540037	-1.9169740414576908	-0.27997891036683464	-4.215204505084942	0.68	37	1	5	2	2	4	1	0	1	3	1	12	4	1	2	3	5	4.550000000000004	126.73150000000007	0	0	0	0	0	0	0	0	0	0	0	0	0	0	0	2	1	0	0	0	1	0	0	0	0	6	0	0	0	0	0	0	0	0	1	0	1	0	0	0	0	0	0	0	6	0	0	0	0	0	0	0	0	0	0	0	0	0	0	0	0	0	0	0	0	0	0	0	0	1	0	0	0	0	0	0	0	0	0	0	0	0	0	0	0
OXALIPLATIN	9.099537037037038	-1.8240740740740737	9.099537037037038	0.0	0.4019577089412108	399.304	383.17599999999993	399.07470093218	90	0	2.0	-0.4728148209556821	2.0	0.4728148209556821	0.9333333333333333	1.2	1.3333333333333333	0.0	190.81835015416888	11.137828201504695	8.164979739449175	10.437187794541293	6.447264862732147	4.421958466891547	4.421958466891547	3.2224714002349533	3.2224714002349533	2.057812021468411	2.057812021468411	1.1882320055112356	1.1882320055112356	-0.4516883116883117	864.4997417727726	16.959473294699688	8.824483560509332	8.536836805481366	102.27322701889209	21.68038974400578	0.0	0.0	0.0	0.0	33.00387763727482	0.0	9.589074368143644	0.0	0.0	12.841643245852019	12.841643245852019	12.083681658295921	0.0	40.86739621919618	11.938610575903699	0.0	0.0	11.46733495432437	37.76696814999996	0.0	0.0	0.0	0.0	11.46733495432437	0.0	0.0	0.0	34.235347023881026	30.654341429514766	0.0	25.683286491704038	0.0	0.0	0.0	0.0	126.64	11.938610575903699	0.0	0.0	33.14894871966704	0.0	12.841643245852019	12.841643245852019	0.0	0.0	0.0	31.26946411214942	0.0	0.0	18.199074074074076	14.782407407407407	11.306481481481482	-3.6481481481481475	0.5624999999999996	4.797685185185186	0.0	0.0	0.75	15	6	6	1	0	1	0	0	0	4	4	7	0	1	0	1	1	-0.6318999999999979	49.69040000000001	2	0	0	0	0	0	0	0	2	2	2	0	0	0	0	0	0	2	0	0	0	0	0	0	0	0	0	0	0	0	0	0	0	0	0	0	0	0	0	0	0	0	0	0	0	0	0	0	0	0	0	0	0	0	0	0	0	0	0	0	0	0	0	0	0	0	0	0	0	0	0	0	0	0	0	0	0	0	0	0	0	0	0	0	0
PACLITAXEL	15.483795019660388	-2.390958146825491	15.483795019660388	0.0028853439807066117	0.12978619445124503	853.9180000000001	802.5099999999998	853.3309553119999	328	0	0.338014232853755	-0.4557369238936237	0.4557369238936237	0.338014232853755	0.8225806451612904	1.403225806451613	1.9516129032258065	1.3874476640402014	2280.346269552866	44.940217863079994	35.23274851652341	35.23274851652341	29.272289927176118	20.472849958329043	20.472849958329043	17.354040301246414	17.354040301246414	13.479855154842259	13.479855154842259	10.182540514539145	10.182540514539145	-5.739999999999998	19536342594936.66	44.320357645507805	16.512845507693868	7.294407711419631	357.88540739081833	44.32068555752869	23.912949974228596	23.592228532845233	0.0	5.907179729351506	23.877221151807397	19.178148736287287	9.589074368143644	0.0	0.0	80.57751215245895	54.82260322506321	37.66755960632704	35.649037188664344	67.77112005795328	35.56764582752384	0.0	5.316788604006331	16.747886984954953	108.25180722160088	6.606881964512918	118.83206956215372	0.0	0.0	5.316788604006331	0.0	0.0	0.0	105.32000992501608	42.86246350528753	16.747886984954953	86.70533611637835	102.14171508706272	0.0	0.0	0.0	221.29	112.60409521300997	39.292268104881224	4.794537184071822	35.30081563097145	5.563451491696996	13.847474399381248	25.980208536304467	92.71024628938218	0.0	5.316788604006331	23.684314769000245	30.27238288139994	0.0	83.45331184567333	40.233952430571534	-7.01908503282536	-6.841158827712649	22.937711636968977	-10.511556872841574	7.974441938765803	0.0	0.44680851063829785	62	4	15	3	1	4	3	0	3	14	4	15	10	2	1	3	7	3.735700000000003	217.69009999999938	0	3	2	0	0	0	0	0	0	0	6	6	0	0	0	0	1	0	0	0	0	0	0	0	0	0	0	1	0	0	0	0	0	0	3	0	5	0	0	0	4	5	0	0	0	0	0	0	0	0	0	1	1	0	0	0	0	0	0	0	0	0	0	0	0	0	0	0	0	0	0	0	0	0	0	0	0	0	0	0	0	0	0	0	0
PD325901	14.16882046106117	-1.369451005710926	14.16882046106117	0.15223417108451343	0.35996032896912883	482.196	468.08400000000006	481.995039588	140	0	0.27656236395763595	-0.3935912352399855	0.3935912352399855	0.27656236395763595	1.1923076923076923	1.9230769230769231	2.576923076923077	2.2681400131202514	807.3045902838312	19.26722023457211	13.101096841475401	15.258595132651724	12.328606258093464	7.2424930820044	8.321242227592561	5.111684701808341	6.357316920995149	3.181601354308148	3.8525924576342367	1.898677783142047	2.351874516127155	-1.89	477877.86493374105	20.422254118517316	9.164647634269185	5.063969644015104	159.62400781360648	15.529843393687742	18.528069193307115	11.63444168209179	0.0	5.907179729351506	0.0	9.632125767808455	18.65134174114566	0.0	0.0	0.0	52.9227059693761	3.5701822710653963	23.545106005577036	33.01642570051433	39.87282290578669	0.0	5.480096598121202	0.0	6.103966387748303	18.530552533032168	56.91713162820813	0.0	0.0	10.796885202127534	24.54601769239158	0.0	22.590870627068057	35.43796483580706	4.8375885837366335	21.021844794203083	10.357988675768818	30.33183534230805	0.0	0.0	0.0	90.82000000000001	48.36395884394689	17.96578232709628	0.0	11.250837766380558	3.5701822710653963	12.13273413692322	12.13273413692322	6.06636706846161	28.070967225189257	10.154377187742964	10.213054789681411	42.29665510134873	1.8851901147041397	16.812506677204603	20.160683488320167	0.8524361677917778	-4.269184273852381	5.771409171981536	-1.2233919182563937	-0.9996378625755142	0.0	0.1875	26	4	6	0	0	0	2	0	2	5	4	10	7	0	0	0	2	2.4667000000000003	95.26850000000002	0	2	2	0	0	0	0	0	0	0	1	1	0	0	0	0	2	0	1	0	0	0	0	0	0	0	0	1	0	2	0	0	0	0	2	0	0	0	0	0	0	0	0	0	4	0	0	0	0	0	0	0	0	0	0	0	0	0	0	0	0	0	0	0	0	0	0	0	0	0	0	0	0	0	0	0	0	0	0	0	0	0	0	0	0
SN-38	13.224197583354329	-1.8320326769941224	13.224197583354329	0.11033686474793969	0.5079598280970853	392.41100000000023	372.25100000000015	392.1372217399999	148	0	0.3426763382231193	-0.5079413734197455	0.5079413734197455	0.3426763382231193	1.206896551724138	2.0	2.7241379310344827	1.8378360528605546	1276.6583729672354	20.49927104214099	16.151427454896115	16.151427454896115	13.884395805755094	9.70272738845572	9.70272738845572	7.575586562035366	7.575586562035366	6.1428425788785725	6.1428425788785725	4.5535672501959485	4.5535672501959485	-3.19	5499159.584233543	17.87794434752313	5.903749744219742	2.2460754530401563	165.75236084788537	19.517017391272816	12.356393797796823	5.601050810983688	0.0	5.559266895052007	5.969305287951849	4.794537184071822	9.77851570501903	0.0	0.0	13.847474399381248	42.67056301139546	16.513127197858786	29.012764604922754	19.744454927553285	16.872230220032904	0.0	9.551078168738563	0.0	45.44180682664245	0.0	56.87307831975825	0.0	17.137367822980828	5.559266895052007	0.0	5.749511833283905	0.0	25.733438246371826	34.704910942207064	0.0	42.52210198909523	29.060005457918262	0.0	22.29078092177798	0.0	101.65000000000002	11.570356098935537	19.802129157825057	0.0	24.33648231577484	35.4803370019295	22.02982791547505	0.0	35.756305121328424	6.923737199690624	0.0	9.720841474747257	6.732585004948821	0.0	30.238678980974807	21.711087674311518	2.4665645242320493	-0.562938219288327	6.7466929647649785	0.8263631911735715	3.924299212215913	0.0	0.3181818181818182	29	2	7	0	2	2	1	2	3	7	2	7	2	0	0	0	5	2.3476	105.56760000000003	0	1	0	0	0	2	0	1	0	0	1	1	0	0	0	2	0	0	0	0	0	0	0	0	0	0	0	0	0	0	1	0	0	0	1	0	5	0	0	0	1	1	0	0	0	0	0	0	0	0	0	0	0	0	1	0	0	0	0	0	0	0	0	0	0	1	1	0	0	0	0	0	0	2	0	0	0	0	0	0	0	0	0	0	0
SORAFENIB	12.93887738071883	-4.641864625107676	12.93887738071883	0.06593892325417716	0.4613395020059931	464.83100000000013	448.70300000000015	464.086302712	166	0	0.41741842768680637	-0.45723690229449804	0.45723690229449804	0.41741842768680637	0.9375	1.59375	2.25	1.6244376001208218	1137.8789445127009	23.30275414050484	16.457319050824715	17.21324799684317	15.151216908830305	9.062991028319596	9.440955501328824	6.353856509713334	6.76105663645394	4.068618814162424	4.398207035202469	2.5829877408339534	2.807679149370679	-3.7899999999999987	9882757.490846459	22.885411148770917	9.563603314484585	5.883370444382855	185.11105638623687	20.68722876581904	17.19295166141627	0.0	0.0	5.907179729351506	12.207413029781547	9.77851570501903	4.794537184071822	13.171245143024459	0.0	11.600939890232516	48.53093654769288	30.685655172119	10.586084805438322	27.497182464968155	34.914006681289216	0.0	10.30076712495354	0.0	6.176298517443475	17.68124919068985	77.07415998805435	0.0	11.49902366656781	20.68722876581904	29.340554876463408	11.49902366656781	11.600939890232516	23.969944745313974	6.176298517443475	0.0	16.051916670617278	60.794147187767564	5.022633313741326	0.0	0.0	92.35000000000001	22.793497835219867	22.760319511168106	0.0	17.288493998883528	17.186409941251373	12.13273413692322	25.377249691213486	30.33183534230805	0.0	20.9343443329662	16.337802844032566	44.47480425652903	5.5680146154364545	27.704457020430112	6.826069682816981	-0.5468369560238577	0.460043132229927	11.597059144995194	-3.210188320537026	0.0	1.4876885352342903	0.09523809523809523	32	3	7	0	0	0	2	1	3	4	3	11	5	0	0	0	3	5.549700000000003	113.2386	0	0	0	0	0	1	0	0	0	0	2	2	0	0	0	1	3	0	0	0	0	0	0	0	0	3	0	3	0	2	0	0	0	0	2	0	0	0	0	0	0	1	0	0	4	0	0	0	0	0	0	0	0	0	0	0	0	0	0	0	0	0	0	0	0	0	0	0	0	0	0	0	0	1	0	0	0	0	0	0	0	0	0	0	1
SUNITINIB	13.650463200837027	-0.40388206564662066	13.650463200837027	0.14317205740320782	0.6263032743124629	398.48200000000014	371.26600000000013	398.211804324	154	0	0.25594410511526855	-0.358205853309144	0.358205853309144	0.25594410511526855	1.2413793103448276	1.9655172413793103	2.6551724137931036	1.8335121708816986	973.43215139086	21.12902755413791	17.279502850941604	17.279502850941604	13.849774308148643	9.87906491888757	9.87906491888757	7.14850127200415	7.14850127200415	5.36453933215763	5.36453933215763	3.6627787809498717	3.6627787809498717	-2.929999999999999	3245583.0996731743	20.79528485900116	8.611069784767098	4.244127387772851	169.72966657405433	20.517465459810346	5.817220841045895	0.0	0.0	11.814359458703011	0.0	9.589074368143644	4.39041504767482	0.0	0.0	13.847474399381248	56.775560015122096	35.72820656790263	11.136556021766264	13.979489415818463	29.15087037028972	0.0	15.200676855804016	0.0	27.694948798762496	31.49581422765663	52.09453251121863	0.0	0.0	10.633577208012662	10.077801322358383	0.0	0.0	47.877273334151006	4.794537184071822	19.664695240427143	46.72022204824098	18.19910120538483	0.0	11.64912463690315	0.0	77.23	5.817220841045895	13.979489415818463	0.0	11.814359458703011	34.626078188907854	30.89164870428318	12.13273413692322	12.142387175295491	13.847474399381248	34.364939859191594	0.0	13.650463200837027	0.0	30.47464616021191	5.70478149684159	4.204299098794467	-0.8364270658224617	4.197185704241461	1.6762110260770975	11.095507045485572	0.0	0.36363636363636365	29	3	6	0	1	1	1	1	2	3	3	7	7	0	0	0	3	3.3349400000000013	113.28860000000003	0	0	0	0	0	1	1	0	0	0	2	2	0	0	0	1	3	0	0	1	0	1	0	0	0	0	0	2	0	1	1	0	0	0	1	0	1	0	0	0	0	0	0	0	1	0	0	0	0	0	0	0	0	0	0	0	0	0	0	0	0	0	0	0	0	0	0	0	0	0	0	0	0	0	0	0	0	0	0	0	0	0	0	0	0
TEMOZOLOMIDE	11.395483749055177	-0.740691609977324	11.395483749055177	0.05999999999999961	0.5601191738811692	194.154	188.10599999999997	194.055223432	72	0	0.35219496446941617	-0.36413474951825103	0.36413474951825103	0.35219496446941617	1.5714285714285714	2.2857142857142856	2.9285714285714284	2.906324847582418	567.1956839082804	10.292528739883947	7.207265096806768	7.207265096806768	6.6090609052806215	3.6785687888028513	3.6785687888028513	2.6466598556297707	2.6466598556297707	1.732210742462034	1.732210742462034	1.0549410543617221	1.0549410543617221	-2.2500000000000004	2040.690705784967	8.352845059592465	2.6198926454093896	0.969381543705868	76.96785318779364	5.733667477162185	6.3273200747645415	11.341105215616189	0.0	5.907179729351506	5.689743398203474	4.794537184071822	14.179210311280823	4.681802935145185	5.098681808301038	5.213385095654868	0.0	7.04767198267719	0.0	4.794537184071822	11.554356950119233	0.0	24.378542966310093	12.781339459839375	0.0	0.0	22.505528651888298	0.0	0.0	11.423410875365658	0.0	0.0	0.0	30.285722695661597	7.04767198267719	0.0	10.488465178920283	11.121857258836364	0.0	5.647177220767728	0.0	108.17000000000002	11.59692312755498	9.589074368143644	0.0	11.341105215616189	0.0	9.082497541406978	13.37499205744173	0.0	0.0	15.296045424903113	5.733667477162185	2.131494708994709	0.0	25.90685326908541	7.143055555555556	4.595841836734695	-0.740691609977324	0.0	1.1869444444444444	0.0	1.443168461829176	0.16666666666666666	14	2	8	0	0	0	0	2	2	7	1	8	1	0	0	0	2	-2.078099999999999	44.5409	0	0	0	0	0	5	0	0	0	0	1	1	0	0	0	5	0	1	0	0	0	0	0	0	0	0	0	1	0	0	1	0	0	0	0	0	1	0	0	0	0	0	0	0	0	0	0	1	0	0	0	0	0	0	0	0	0	0	0	0	0	0	0	0	0	0	0	0	0	0	0	1	0	0	0	0	0	0	0	0	0	0	0	0	0
TOPOTECAN	13.230322622136292	-1.8406696762599535	13.230322622136292	0.10407248276240422	0.4865420212105028	421.4530000000002	398.2690000000002	421.163770836	160	0	0.3426763382231084	-0.5075981774496873	0.5075981774496873	0.3426763382231084	1.2580645161290323	2.032258064516129	2.7419354838709675	1.7487721103238782	1327.262093253442	22.076621311330612	17.598641050396072	17.598641050396072	14.740237853411664	10.206275564285928	10.206275564285928	8.466876053848996	8.466876053848996	6.25254668624455	6.25254668624455	4.582035556834457	4.582035556834457	-3.2299999999999995	12269942.157708623	19.71687996398413	6.633166188512516	2.715664946185649	177.87713663248533	24.41692712212329	12.356393797796823	5.601050810983688	0.0	5.559266895052008	5.969305287951849	4.794537184071822	9.77851570501903	0.0	0.0	6.923737199690624	44.781633862126824	28.621335095468357	29.012764604922754	19.744454927553285	16.872230220032904	0.0	14.450987899589041	0.0	38.64200440993839	14.09534396535438	56.87307831975825	0.0	17.137367822980828	5.559266895052008	0.0	5.749511833283905	0.0	44.72869194257668	34.82884572519363	0.0	35.59836478940461	29.060005457918262	0.0	22.29078092177798	0.0	104.89	11.570356098935537	19.802129157825057	0.0	24.33648231577484	41.120972502532325	16.513127197858786	0.0	29.689938052866808	25.06162076466647	0.0	9.720841474747257	6.71434572605915	0.0	32.276591198126745	22.179838863482907	2.0297591136750617	-0.5323085655346438	7.047719155735704	0.10407248276240422	2.4076915158264707	3.8556238431995316	0.34782608695652173	31	2	8	0	2	2	1	2	3	8	2	8	3	0	0	0	5	1.8468000000000002	113.58060000000002	0	1	0	0	0	2	0	1	0	0	1	1	0	0	0	3	0	0	0	0	0	0	0	0	0	0	0	0	0	0	0	0	0	0	1	0	5	0	0	0	1	1	0	0	0	0	0	0	0	0	0	0	0	0	1	0	0	0	0	0	0	0	0	0	0	1	1	0	0	0	0	0	0	2	0	0	0	0	0	0	0	0	0	0	0
VINBLASTINE	15.321994065804109	-2.301098412712735	15.321994065804109	0.09862269637678267	0.179801053533736	810.9889999999998	752.5249999999999	810.420379436	316	0	0.3436112263225902	-0.4963433590476223	0.4963433590476223	0.3436112263225902	0.9491525423728814	1.7118644067796611	2.406779661016949	1.3637618830141263	2257.0913930587544	41.862867593890385	35.30018383407435	35.30018383407435	28.220714523448365	21.213077288186387	21.213077288186387	18.203947641353682	18.203947641353682	15.598755531983985	15.598755531983985	13.506090863494189	13.506090863494189	-4.43	16547476727054.902	40.00045547656914	13.801606719760814	5.196998741043846	345.13959571880326	39.0443948566793	11.164502302680685	6.103966387748303	5.601050810983688	0.0	17.90791586385555	19.388893829844598	4.794537184071822	0.0	0.0	44.19861581843384	74.24722930994723	90.93631433573132	32.97228426396425	43.544118157097074	34.49822707062016	0.0	14.783797982648164	11.332896515558172	99.51587194343308	66.00075636692314	70.93452509437687	0.0	5.749511833283905	9.636772684650527	5.687386274683562	5.749511833283905	0.0	133.39536494026942	45.84500297533518	11.332896515558172	75.25960218364138	48.55024262443742	0.0	10.902924932081056	0.0	154.10000000000002	57.50079611090952	19.802129157825053	4.794537184071822	11.959746875309353	82.56167509209985	33.41114218500707	21.14333228224569	7.109797541277533	50.06052438675535	39.068572333239146	18.947451815200196	23.936517771858266	0.0	53.16144392035004	26.330912398105045	-1.6246730221447003	-1.5628213619726945	10.952784243529363	5.944736805409448	8.6246074393296	6.153158472202293	0.5869565217391305	59	3	13	1	5	6	2	1	3	12	3	13	7	1	2	3	9	3.9909000000000034	220.4282999999993	0	2	0	0	0	1	1	0	0	0	3	3	0	0	0	3	1	0	0	1	0	1	0	0	0	0	0	0	0	1	0	0	0	0	2	0	6	0	0	0	3	4	0	0	0	0	0	0	0	0	0	0	0	0	0	3	0	0	0	0	0	0	0	0	1	0	0	0	0	1	0	0	0	0	0	0	0	0	0	0	0	0	0	0	0
VINORELBINE	15.171731877595493	-2.2744897120699434	15.171731877595493	0.02841434066025439	0.19568989046031227	778.9469999999999	724.515	778.3941646879999	302	0	0.3436112263225902	-0.4963433573515331	0.4963433573515331	0.3436112263225902	1.0	1.7719298245614035	2.473684210526316	1.3697089390408743	2247.9699696105645	40.23311108189347	34.01610694539093	34.01610694539093	27.38479922306013	20.34967727730742	20.34967727730742	17.178958141086873	17.178958141086873	14.759818858047543	14.759818858047543	12.84476661357208	12.84476661357208	-4.6499999999999995	7495124316908.953	37.90033363100775	13.188750570201027	4.80371045684897	333.2908168200264	33.937867461838586	11.164502302680685	6.103966387748303	5.601050810983688	0.0	17.90791586385555	19.388893829844598	4.794537184071822	0.0	0.0	55.84774045533699	61.40558606409522	90.93631433573132	27.37123345298056	38.43759076225636	34.49822707062016	0.0	14.783797982648164	11.332896515558172	87.61793429250997	59.45599996101056	82.58364973128002	0.0	5.749511833283905	9.636772684650527	5.687386274683562	5.749511833283905	0.0	116.14303032853242	45.968937758321744	11.332896515558172	68.83878056071536	60.19936726134057	0.0	10.902924932081056	0.0	133.87	45.93044001197398	14.69560176298435	4.794537184071822	17.929052163261204	50.20969741149666	52.92147661975823	26.716436812314956	7.109797541277533	37.070420118603124	58.13469670822526	18.947451815200196	23.885237508424268	0.0	53.11960515592329	14.351386813894859	1.0481408140075348	-1.3108556147384665	11.15248664118315	7.67191080620672	9.19119204355776	6.224229164874214	0.5333333333333333	57	2	12	1	5	6	2	1	3	11	2	12	7	1	1	2	9	4.753600000000004	214.07749999999936	0	1	0	0	0	1	1	0	0	0	3	3	0	0	0	3	1	0	0	1	0	1	0	0	0	0	0	0	0	1	0	0	0	0	2	0	6	0	0	0	3	4	0	0	0	0	0	0	0	0	0	0	0	0	0	3	0	0	0	0	0	0	0	0	1	0	0	0	0	0	0	0	0	0	0	0	0	0	0	0	0	0	0	0	0
ZOLINZA	11.591414631828142	-0.3594253181225928	11.591414631828142	0.013241895523641967	0.3832200999836573	264.32500000000005	244.16499999999996	264.1473925	104	0	0.24282861814920875	-0.3260984792165692	0.3260984792165692	0.24282861814920875	0.8947368421052632	1.4736842105263157	2.0526315789473686	2.0326612681537655	392.93736710495426	13.924438962994	10.893102209495101	10.893102209495101	9.21954535281284	6.499645471923348	6.499645471923348	4.363395035452541	4.363395035452541	2.7399240433905256	2.7399240433905256	1.7255431762256637	1.7255431762256637	-1.8799999999999997	18362.67235241125	15.178411214953275	9.103589516578463	7.205209337695133	112.52198085364748	5.316788604006331	0.0	0.0	11.814359458703011	0.0	0.0	14.796327392920933	5.480096598121202	0.0	0.0	31.040744451236847	24.974377382775238	18.52902952053558	0.0	14.796327392920933	17.501745733386574	0.0	5.480096598121202	0.0	38.524929737556064	5.316788604006331	30.33183534230805	0.0	0.0	10.796885202127534	5.687386274683562	0.0	0.0	17.0216124834803	9.589074368143644	0.0	38.524929737556064	30.33183534230805	0.0	0.0	0.0	78.43	0.0	9.589074368143644	0.0	11.814359458703011	12.841643245852019	31.3706727663876	0.0	5.480096598121202	30.33183534230805	5.316788604006331	5.20725302477729	0.0	0.0	22.322116254554164	11.122017013037414	2.4104883776367503	-0.34618342259895085	9.359749944038676	4.131811833331945	0.0	0.0	0.42857142857142855	19	3	5	0	0	0	1	0	1	3	3	5	8	0	0	0	1	2.4711	72.70290000000003	0	0	0	0	0	0	0	0	0	0	2	2	0	0	0	0	2	0	1	0	0	0	0	0	0	0	0	2	0	1	0	0	0	0	1	0	0	0	0	0	0	0	0	0	0	0	0	0	0	0	0	0	0	0	0	0	0	0	0	0	0	0	0	0	1	0	0	0	0	0	0	0	0	0	0	0	0	0	0	0	0	0	0	3	0
